id,name,email,gender
1,Andi 1,andi1@mail.com,male
2,Andi 2,andi2@mail.com,male
3,Andi 3,andi3@mail.com,male
4,Andi 4,andi4@mail.com,male
5,Andi 5,andi5@mail.com,male
6,Andi 6,andi6@mail.com,male
7,Andi 7,andi7@mail.com,male
8,Andi 8,andi8@mail.com,male
9,Andi 9,andi9@mail.com,male
10,Andi 10,andi10@mail.com,male
11,Andi 11,andi11@mail.com,male
12,Andi 12,andi12@mail.com,male
13,Andi 13,andi13@mail.com,male
14,Andi 14,andi14@mail.com,male
15,Andi 15,andi15@mail.com,male
16,Andi 16,andi16@mail.com,male
17,Andi 17,andi17@mail.com,male
18,Andi 18,andi18@mail.com,male
19,Andi 19,andi19@mail.com,male
20,Andi 20,andi20@mail.com,male
21,Andi 21,andi21@mail.com,male
22,Andi 22,andi22@mail.com,male
23,Andi 23,andi23@mail.com,male
24,Andi 24,andi24@mail.com,male
25,Andi 25,andi25@mail.com,male
26,Andi 26,andi26@mail.com,male
27,Andi 27,andi27@mail.com,male
28,Andi 28,andi28@mail.com,male
29,Andi 29,andi29@mail.com,male
30,Andi 30,andi30@mail.com,male
31,Andi 31,andi31@mail.com,male
32,Andi 32,andi32@mail.com,male
33,Andi 33,andi33@mail.com,male
34,Andi 34,andi34@mail.com,male
35,Andi 35,andi35@mail.com,male
36,Andi 36,andi36@mail.com,male
37,Andi 37,andi37@mail.com,male
38,Andi 38,andi38@mail.com,male
39,Andi 39,andi39@mail.com,male
40,Andi 40,andi40@mail.com,male
41,Andi 41,andi41@mail.com,male
42,Andi 42,andi42@mail.com,male
43,Andi 43,andi43@mail.com,male
44,Andi 44,andi44@mail.com,male
45,Andi 45,andi45@mail.com,male
46,Andi 46,andi46@mail.com,male
47,Andi 47,andi47@mail.com,male
48,Andi 48,andi48@mail.com,male
49,Andi 49,andi49@mail.com,male
50,Andi 50,andi50@mail.com,male
